Name,HeadCount
3.jpg,5
9.jpg,5
10.jpg,6
16.jpg,6
18.jpg,7
31.jpg,9
33.jpg,5
36.jpg,6
38.jpg,9
41.jpg,6
45.jpg,7
57.jpg,6
60.jpg,7
61.jpg,7
62.jpg,4
68.jpg,7
79.jpg,6
92.jpg,10
96.jpg,8
105.jpg,6
106.jpg,5
107.jpg,5
114.jpg,11
115.jpg,12
119.jpg,6
121.jpg,5
127.jpg,6
128.jpg,7
132.jpg,7
133.jpg,5
136.jpg,5
137.jpg,7
138.jpg,6
141.jpg,6
157.jpg,13
158.jpg,10
160.jpg,12
170.jpg,5
172.jpg,7
174.jpg,6
180.jpg,9
186.jpg,5
187.jpg,11
194.jpg,5
198.jpg,13
211.jpg,8
219.jpg,12
229.jpg,5
231.jpg,8
234.jpg,5
236.jpg,2
241.jpg,6
242.jpg,7
253.jpg,4
255.jpg,6
256.jpg,3
259.jpg,4
264.jpg,5
273.jpg,7
275.jpg,6
279.jpg,7
284.jpg,5
285.jpg,6
288.jpg,4
293.jpg,5
295.jpg,6
310.jpg,6
311.jpg,7
317.jpg,8
322.jpg,5
327.jpg,5
333.jpg,5
335.jpg,6
347.jpg,7
350.jpg,7
353.jpg,9
355.jpg,8
356.jpg,9
360.jpg,6
372.jpg,3
374.jpg,8
375.jpg,6
376.jpg,8
382.jpg,7
385.jpg,6
389.jpg,5
390.jpg,4
391.jpg,7
400.jpg,12
405.jpg,8
413.jpg,6
418.jpg,12
421.jpg,13
426.jpg,8
432.jpg,9
433.jpg,4
439.jpg,15
441.jpg,8
454.jpg,16
463.jpg,10
464.jpg,9
466.jpg,5
468.jpg,4
472.jpg,14
473.jpg,6
474.jpg,5
476.jpg,6
494.jpg,8
505.jpg,11
507.jpg,5
511.jpg,6
514.jpg,5
519.jpg,7
522.jpg,13
526.jpg,5
533.jpg,12
536.jpg,13
538.jpg,13
543.jpg,13
552.jpg,5
553.jpg,14
557.jpg,17
558.jpg,13
561.jpg,14
567.jpg,6
574.jpg,7
579.jpg,11
580.jpg,8
583.jpg,6
594.jpg,6
599.jpg,10
600.jpg,4
604.jpg,6
605.jpg,7
609.jpg,7
610.jpg,6
614.jpg,8
617.jpg,12
626.jpg,9
629.jpg,8
640.jpg,5
643.jpg,14
645.jpg,18
664.jpg,11
674.jpg,14
679.jpg,17
694.jpg,9
701.jpg,16
711.jpg,5
714.jpg,6
716.jpg,4
722.jpg,14
732.jpg,14
733.jpg,12
736.jpg,6
740.jpg,13
741.jpg,14
745.jpg,5
747.jpg,9
749.jpg,9
757.jpg,13
759.jpg,12
762.jpg,7
766.jpg,7
779.jpg,9
783.jpg,5
785.jpg,5
792.jpg,6
793.jpg,6
794.jpg,5
798.jpg,6
803.jpg,8
807.jpg,6
810.jpg,5
818.jpg,8
822.jpg,5
831.jpg,6
832.jpg,6
833.jpg,5
836.jpg,7
840.jpg,6
841.jpg,8
842.jpg,7
844.jpg,7
847.jpg,8
848.jpg,6
849.jpg,7
850.jpg,6
851.jpg,8
852.jpg,5
859.jpg,5
860.jpg,8
867.jpg,5
868.jpg,6
875.jpg,5
880.jpg,5
881.jpg,7
884.jpg,5
885.jpg,8
886.jpg,7
891.jpg,8
898.jpg,7
903.jpg,6
908.jpg,8
909.jpg,6
910.jpg,10
916.jpg,15
918.jpg,7
922.jpg,7
928.jpg,11
935.jpg,10
936.jpg,14
940.jpg,6
944.jpg,11
945.jpg,7
947.jpg,10
949.jpg,10
951.jpg,14
952.jpg,13
953.jpg,6
956.jpg,10
958.jpg,7
960.jpg,10
964.jpg,10
969.jpg,7
987.jpg,6
992.jpg,11
993.jpg,13
994.jpg,5
998.jpg,5
1002.jpg,12
1004.jpg,8
1019.jpg,6
1025.jpg,9
1026.jpg,6
1027.jpg,6
1029.jpg,6
1031.jpg,6
1034.jpg,6
1036.jpg,8
1043.jpg,4
1046.jpg,8
1048.jpg,8
1057.jpg,6
1059.jpg,8
1070.jpg,9
1073.jpg,7
1078.jpg,5
1093.jpg,5
1094.jpg,6
1096.jpg,5
1099.jpg,7
1101.jpg,7
1103.jpg,8
1108.jpg,14
1109.jpg,13
1114.jpg,14
1117.jpg,14
1118.jpg,12
1122.jpg,7
1128.jpg,11
1129.jpg,5
1133.jpg,9
1148.jpg,9
1149.jpg,13
1155.jpg,6
1163.jpg,5
1165.jpg,9
1166.jpg,16
1183.jpg,7
1184.jpg,6
1186.jpg,8
1188.jpg,9
1196.jpg,8
1199.jpg,7
1203.jpg,6
1207.jpg,8
1217.jpg,7
1223.jpg,7
1225.jpg,7
1230.jpg,4
1231.jpg,6
1234.jpg,7
1237.jpg,7
1238.jpg,6
1239.jpg,4
1245.jpg,15
1246.jpg,7
1248.jpg,4
1251.jpg,15
1252.jpg,7
1255.jpg,6
1262.jpg,7
1264.jpg,7
1276.jpg,6
1281.jpg,6
1284.jpg,5
1288.jpg,7
1291.jpg,5
1293.jpg,6
1294.jpg,7
1298.jpg,8
1301.jpg,5
1302.jpg,6
1305.jpg,5
1307.jpg,5
1309.jpg,7
1311.jpg,6
1313.jpg,5
1315.jpg,6
1324.jpg,5
1328.jpg,8
1329.jpg,5
1337.jpg,10
1340.jpg,15
1341.jpg,5
1342.jpg,4
1359.jpg,6
1364.jpg,6
1380.jpg,6
1384.jpg,7
1391.jpg,7
1401.jpg,5
1404.jpg,15
1406.jpg,6
1407.jpg,12
1409.jpg,7
1416.jpg,7
1423.jpg,5
1424.jpg,7
1428.jpg,15
1432.jpg,12
1435.jpg,7
1437.jpg,10
1440.jpg,5
1441.jpg,5
1444.jpg,9
1446.jpg,7
1447.jpg,10
1450.jpg,6
1460.jpg,7
1466.jpg,7
1467.jpg,6
1475.jpg,5
1476.jpg,5
1477.jpg,7
1478.jpg,9
1479.jpg,2
1481.jpg,8
1483.jpg,3
1489.jpg,1
1490.jpg,5
1498.jpg,9
1501.jpg,5
1503.jpg,8
1509.jpg,10
1513.jpg,7
1517.jpg,7
1519.jpg,6
1520.jpg,5
1522.jpg,6
1526.jpg,7
1528.jpg,8
1533.jpg,7
1534.jpg,6
1535.jpg,8
1538.jpg,6
1541.jpg,7
1542.jpg,8
1543.jpg,6
1544.jpg,5
1550.jpg,5
1553.jpg,6
1555.jpg,4
1560.jpg,8
1563.jpg,5
1566.jpg,5
1572.jpg,8
1576.jpg,6
1580.jpg,6
1595.jpg,9
1597.jpg,8
1612.jpg,13
1613.jpg,13
1615.jpg,11
1619.jpg,12
1620.jpg,7
1621.jpg,5
1625.jpg,6
1631.jpg,9
1634.jpg,12
1639.jpg,5
1643.jpg,7
1645.jpg,6
1647.jpg,14
1649.jpg,8
1652.jpg,13
1656.jpg,10
1667.jpg,7
1668.jpg,6
1672.jpg,8
1674.jpg,6
1681.jpg,7
1685.jpg,5
1698.jpg,6
1700.jpg,6
1705.jpg,4
1711.jpg,5
1712.jpg,7
1717.jpg,13
1718.jpg,13
1720.jpg,12
1728.jpg,6
1731.jpg,5
1732.jpg,6
1737.jpg,6
1739.jpg,12
1740.jpg,7
1746.jpg,7
1748.jpg,6
1752.jpg,8
1755.jpg,6
1758.jpg,9
1762.jpg,7
1769.jpg,7
1772.jpg,12
1773.jpg,6
1777.jpg,6
1784.jpg,5
1789.jpg,9
1793.jpg,15
1798.jpg,5
1804.jpg,12
1812.jpg,13
1817.jpg,6
1820.jpg,13
1824.jpg,16
1831.jpg,5
1846.jpg,13
1847.jpg,14
1849.jpg,13
1852.jpg,13
1856.jpg,12
1857.jpg,11
1859.jpg,15
1867.jpg,14
1877.jpg,5
1883.jpg,11
1896.jpg,10
1899.jpg,13
1905.jpg,3
1909.jpg,14
1910.jpg,5
1911.jpg,19
1917.jpg,12
1924.jpg,14
1928.jpg,13
1931.jpg,11
1932.jpg,17
1936.jpg,5
1938.jpg,5
1940.jpg,10
1943.jpg,7
1946.jpg,4
1948.jpg,8
1951.jpg,9
1953.jpg,5
1960.jpg,5
1966.jpg,5
1973.jpg,6
1981.jpg,7
1986.jpg,5
1990.jpg,5
1997.jpg,15
2001.jpg,14
2002.jpg,15
2004.jpg,8
2009.jpg,12
2012.jpg,8
2024.jpg,5
2025.jpg,10
2026.jpg,11
2028.jpg,15
2030.jpg,7
2031.jpg,9
2033.jpg,4
2047.jpg,6
2062.jpg,15
2065.jpg,11
2069.jpg,11
2075.jpg,4
2076.jpg,6
2079.jpg,8
2085.jpg,6
2091.jpg,4
2094.jpg,5
2098.jpg,7
2101.jpg,7
2112.jpg,7
2116.jpg,6
2120.jpg,5
2121.jpg,9
2129.jpg,6
2135.jpg,5
2142.jpg,6
2146.jpg,8
2148.jpg,6
2156.jpg,5
2161.jpg,7
2166.jpg,7
2177.jpg,5
2178.jpg,5
2181.jpg,7
2184.jpg,9
2185.jpg,6
2193.jpg,6
2196.jpg,7
2198.jpg,6
2204.jpg,7
2213.jpg,9
2214.jpg,7
2216.jpg,8
2226.jpg,7
2227.jpg,6
2231.jpg,9
2233.jpg,9
2237.jpg,9
2241.jpg,9
2242.jpg,9
2243.jpg,7
2251.jpg,6
2256.jpg,5
2258.jpg,10
2259.jpg,6
2264.jpg,5
2265.jpg,6
2269.jpg,5
2275.jpg,6
2278.jpg,6
2280.jpg,8
2281.jpg,14
2285.jpg,6
2288.jpg,7
2292.jpg,4
2294.jpg,5
2299.jpg,8
2301.jpg,6
2304.jpg,14
2305.jpg,11
2307.jpg,11
2309.jpg,10
2311.jpg,6
2319.jpg,5
2325.jpg,6
2331.jpg,6
2332.jpg,7
2333.jpg,12
2342.jpg,8
2344.jpg,15
2345.jpg,6
2347.jpg,6
2352.jpg,6
2353.jpg,7
2363.jpg,15
2368.jpg,6
2370.jpg,11
2372.jpg,14
2373.jpg,12
2374.jpg,11
2376.jpg,11
2378.jpg,10
2386.jpg,13
2387.jpg,10
2388.jpg,10
2398.jpg,14
2405.jpg,6
2406.jpg,7
2410.jpg,7
2417.jpg,6
2418.jpg,14
2419.jpg,6
2424.jpg,6
2448.jpg,12
2453.jpg,9
2458.jpg,6
2460.jpg,15
2466.jpg,14
2471.jpg,12
2472.jpg,6
2473.jpg,14
2476.jpg,5
2478.jpg,13
2480.jpg,5
2482.jpg,13
2490.jpg,14
2492.jpg,10
2493.jpg,10
2495.jpg,6
2496.jpg,4
2508.jpg,14
2511.jpg,6
2512.jpg,18
2513.jpg,13
2514.jpg,6
2520.jpg,13
2522.jpg,14
2524.jpg,10
2525.jpg,14
2527.jpg,14
2528.jpg,13
2532.jpg,14
2536.jpg,4
2555.jpg,6
2556.jpg,7
2559.jpg,6
2568.jpg,6
2572.jpg,6
2573.jpg,7
2577.jpg,7
2588.jpg,5
2605.jpg,7
2607.jpg,5
2608.jpg,9
2611.jpg,5
2612.jpg,8
2615.jpg,5
2621.jpg,6
2624.jpg,7
2627.jpg,9
2634.jpg,9
2645.jpg,7
2652.jpg,5
2657.jpg,8
2658.jpg,7
2662.jpg,7
2666.jpg,7
2668.jpg,5
2669.jpg,6
2673.jpg,6
2677.jpg,6
2680.jpg,6
2685.jpg,5
2687.jpg,6
2689.jpg,7
2691.jpg,5
2696.jpg,5
2697.jpg,8
2705.jpg,9
2718.jpg,5
2726.jpg,6
2736.jpg,7
2738.jpg,12
2744.jpg,6
2747.jpg,12
2750.jpg,14
2751.jpg,10
2752.jpg,6
2753.jpg,7
2754.jpg,9
2755.jpg,10
2757.jpg,13
2763.jpg,15
2765.jpg,12
2766.jpg,8
2769.jpg,6
2770.jpg,15
2774.jpg,11
2776.jpg,12
2778.jpg,8
2781.jpg,7
2785.jpg,13
2787.jpg,11
2795.jpg,7
2798.jpg,12
2801.jpg,10
2802.jpg,8
2804.jpg,10
2811.jpg,13
2812.jpg,5
2815.jpg,10
2818.jpg,10
2823.jpg,14
2839.jpg,5
2840.jpg,5
2841.jpg,7
2845.jpg,8
2849.jpg,11
2850.jpg,6
2853.jpg,5
2858.jpg,5
2861.jpg,7
2863.jpg,6
2873.jpg,6
2891.jpg,14
2892.jpg,14
2897.jpg,11
2902.jpg,13
2906.jpg,14
2917.jpg,14
2923.jpg,9
2925.jpg,6
2932.jpg,13
2933.jpg,11
2946.jpg,11
2947.jpg,8
2952.jpg,6
2955.jpg,7
2958.jpg,7
2959.jpg,13
2960.jpg,8
2970.jpg,11
2971.jpg,9
2972.jpg,9
2974.jpg,10
2977.jpg,13
2986.jpg,10
2988.jpg,11
2991.jpg,12
2992.jpg,4
2993.jpg,9
2998.jpg,6
3000.jpg,7
3003.jpg,5
3005.jpg,10
3014.jpg,5
3018.jpg,7
3020.jpg,12
3024.jpg,6
3025.jpg,7
3028.jpg,9
3036.jpg,9
3042.jpg,5
3043.jpg,6
3044.jpg,6
3045.jpg,6
3046.jpg,5
3048.jpg,9
3050.jpg,10
3055.jpg,9
3057.jpg,6
3059.jpg,6
3069.jpg,6
3071.jpg,6
3072.jpg,8
3075.jpg,7
3086.jpg,11
3088.jpg,6
3089.jpg,7
3093.jpg,6
3094.jpg,6
3097.jpg,9
3099.jpg,9
3116.jpg,5
3117.jpg,13
3120.jpg,15
3124.jpg,13
3133.jpg,16
3135.jpg,6
3136.jpg,11
3141.jpg,6
3149.jpg,10
3151.jpg,7
3153.jpg,11
3155.jpg,12
3157.jpg,12
3161.jpg,13
3162.jpg,8
3177.jpg,7
3185.jpg,15
3186.jpg,8
3195.jpg,13
3206.jpg,6
3215.jpg,7
3221.jpg,7
3225.jpg,8
3226.jpg,8
3229.jpg,7
3252.jpg,10
3253.jpg,6
3256.jpg,6
3257.jpg,9
3264.jpg,7
3272.jpg,6
3278.jpg,12
3280.jpg,14
3281.jpg,7
3282.jpg,13
3286.jpg,14
3292.jpg,15
3293.jpg,13
3299.jpg,5
3302.jpg,17
3303.jpg,15
3305.jpg,4
3311.jpg,12
3313.jpg,6
3316.jpg,14
3318.jpg,17
3320.jpg,6
3321.jpg,16
3322.jpg,15
3323.jpg,5
3328.jpg,13
3330.jpg,5
3332.jpg,14
3333.jpg,14
3334.jpg,5
3336.jpg,13
3340.jpg,6
3341.jpg,6
3352.jpg,7
3355.jpg,6
3359.jpg,11
3361.jpg,5
3362.jpg,7
3366.jpg,5
3367.jpg,8
3368.jpg,7
3375.jpg,7
3377.jpg,7
3378.jpg,5
3381.jpg,5
3391.jpg,7
3393.jpg,6
3401.jpg,8
3402.jpg,6
3404.jpg,7
3415.jpg,6
3426.jpg,11
3427.jpg,10
3430.jpg,10
3432.jpg,7
3433.jpg,10
3436.jpg,12
3437.jpg,6
3438.jpg,7
3443.jpg,7
3457.jpg,8
3458.jpg,10
3459.jpg,11
3465.jpg,6
3474.jpg,6
3489.jpg,5
3490.jpg,6
3493.jpg,5
3494.jpg,7
3495.jpg,6
3496.jpg,10
3500.jpg,5
3501.jpg,6
3502.jpg,6
3503.jpg,9
3504.jpg,6
3505.jpg,6
3508.jpg,6
3513.jpg,8
3522.jpg,7
3527.jpg,6
3530.jpg,9
3533.jpg,5
3537.jpg,8
3542.jpg,5
3543.jpg,8
3544.jpg,9
3545.jpg,5
3551.jpg,8
3567.jpg,12
3569.jpg,6
3575.jpg,11
3577.jpg,14
3584.jpg,5
3586.jpg,13
3590.jpg,8
3592.jpg,11
3594.jpg,13
3595.jpg,10
3596.jpg,8
3597.jpg,6
3602.jpg,11
3607.jpg,9
3613.jpg,6
3617.jpg,4
3623.jpg,7
3624.jpg,8
3626.jpg,16
3628.jpg,6
3631.jpg,6
3636.jpg,5
3638.jpg,9
3648.jpg,8
3653.jpg,7
3656.jpg,6
3657.jpg,8
3658.jpg,4
3663.jpg,12
3665.jpg,7
3670.jpg,15
3673.jpg,8
3676.jpg,6
3678.jpg,8
3680.jpg,12
3682.jpg,6
3692.jpg,8
3698.jpg,5
3699.jpg,6
3704.jpg,8
3706.jpg,9
3707.jpg,7
3713.jpg,5
3716.jpg,7
3717.jpg,12
3721.jpg,8
3722.jpg,13
3723.jpg,6
3730.jpg,7
3741.jpg,7
3751.jpg,16
3752.jpg,6
3755.jpg,7
3756.jpg,5
3763.jpg,6
3765.jpg,6
3768.jpg,8
3769.jpg,5
3772.jpg,12
3775.jpg,7
3786.jpg,7
3794.jpg,6
3804.jpg,9
3811.jpg,9
3817.jpg,7
3828.jpg,13
3829.jpg,6
3830.jpg,9
3831.jpg,12
3836.jpg,6
3844.jpg,6
3851.jpg,13
3852.jpg,7
3856.jpg,4
3857.jpg,15
3866.jpg,6
3868.jpg,8
3881.jpg,6
3885.jpg,5
3891.jpg,5
3897.jpg,5
3901.jpg,6
3902.jpg,6
3904.jpg,6
3908.jpg,6
3909.jpg,5
3912.jpg,5
3914.jpg,5
3918.jpg,5
3925.jpg,7
3927.jpg,5
3929.jpg,5
3930.jpg,6
3935.jpg,5
3942.jpg,6
3943.jpg,12
3947.jpg,12
3950.jpg,5
3951.jpg,7
3954.jpg,7
3956.jpg,10
3958.jpg,7
3963.jpg,12
3966.jpg,8
3968.jpg,13
3970.jpg,10
3978.jpg,5
3982.jpg,12
3992.jpg,6
3995.jpg,12
3999.jpg,7
4012.jpg,6
4015.jpg,12
4016.jpg,13
4018.jpg,11
4019.jpg,10
4023.jpg,8
4026.jpg,12
4034.jpg,13
4036.jpg,8
4045.jpg,5
4046.jpg,6
4048.jpg,7
4049.jpg,4
4052.jpg,4
4053.jpg,5
4057.jpg,3
4062.jpg,5
4063.jpg,4
4076.jpg,7
4077.jpg,7
4082.jpg,9
4084.jpg,5
4093.jpg,9
4104.jpg,9
4106.jpg,6
4113.jpg,5
4116.jpg,7
4118.jpg,7
4122.jpg,6
4125.jpg,8
4128.jpg,9
4129.jpg,6
4140.jpg,6
4146.jpg,7
4149.jpg,6
4151.jpg,7
4154.jpg,6
4161.jpg,9
4162.jpg,10
4165.jpg,6
4169.jpg,7
4171.jpg,7
4174.jpg,8
4177.jpg,8
4178.jpg,6
4179.jpg,8
4181.jpg,6
4182.jpg,6
4183.jpg,5
4185.jpg,10
4189.jpg,6
4190.jpg,8
4199.jpg,5
4200.jpg,6
4202.jpg,5
4204.jpg,6
4205.jpg,8
4208.jpg,10
4214.jpg,5
4215.jpg,7
4216.jpg,7
4218.jpg,7
4225.jpg,10
4228.jpg,6
4229.jpg,5
4230.jpg,5
4232.jpg,5
4234.jpg,7
4235.jpg,5
4236.jpg,6
4242.jpg,6
4253.jpg,5
4257.jpg,6
4259.jpg,6
4260.jpg,4
4261.jpg,8
4266.jpg,12
4267.jpg,6
4269.jpg,13
4272.jpg,7
4273.jpg,9
4274.jpg,6
4279.jpg,11
4290.jpg,13
4293.jpg,7
4304.jpg,6
4305.jpg,12
4312.jpg,6
4317.jpg,9
4319.jpg,12
4331.jpg,13
4334.jpg,6
4337.jpg,13
4339.jpg,13
4348.jpg,11
4352.jpg,11
4354.jpg,13
4355.jpg,5
4366.jpg,11
4369.jpg,9
4370.jpg,10
4371.jpg,5
4384.jpg,12
4385.jpg,9
4386.jpg,15
4387.jpg,10
4389.jpg,7
4390.jpg,12
4397.jpg,11
4398.jpg,16
4400.jpg,18
4405.jpg,7
4407.jpg,18
4413.jpg,8
4417.jpg,6
4427.jpg,6
4438.jpg,12
4447.jpg,12
4451.jpg,8
4455.jpg,9
4463.jpg,8
4464.jpg,10
4465.jpg,7
4468.jpg,6
4472.jpg,7
4474.jpg,7
4475.jpg,6
4476.jpg,7
4477.jpg,9
4488.jpg,8
4489.jpg,6
4495.jpg,7
4497.jpg,6
4500.jpg,6
4503.jpg,7
4504.jpg,12
4506.jpg,13
4512.jpg,5
4518.jpg,12
4519.jpg,7
4520.jpg,7
4523.jpg,7
4526.jpg,5
4530.jpg,8
4531.jpg,8
4533.jpg,7
4534.jpg,7
4535.jpg,4
4539.jpg,7
4545.jpg,3
4547.jpg,4
4549.jpg,16
4550.jpg,14
4554.jpg,14
4557.jpg,16
4560.jpg,14
4565.jpg,11
4567.jpg,13
4571.jpg,4
4572.jpg,17
4575.jpg,9
4582.jpg,15
4583.jpg,14
4592.jpg,4
4594.jpg,5
4597.jpg,10
4604.jpg,6
4605.jpg,12
4615.jpg,15
4621.jpg,12
4628.jpg,5
4638.jpg,17
4639.jpg,4
4641.jpg,6
4648.jpg,16
4649.jpg,14
4650.jpg,15
4654.jpg,6
4655.jpg,16
4669.jpg,7
4670.jpg,6
4671.jpg,5
4672.jpg,7
4673.jpg,8
4678.jpg,7
4680.jpg,8
4685.jpg,5
4694.jpg,9
4695.jpg,7
4696.jpg,5
4700.jpg,10
4704.jpg,6
4706.jpg,7
4716.jpg,5
4717.jpg,7
4726.jpg,8
4731.jpg,5
4732.jpg,5
4738.jpg,7
4742.jpg,9
4744.jpg,6
4747.jpg,7
4750.jpg,8
4751.jpg,6
4754.jpg,7
4761.jpg,8
4765.jpg,6
4766.jpg,5
4774.jpg,8
4778.jpg,7
4786.jpg,5
4789.jpg,5
4794.jpg,10
4797.jpg,9
4799.jpg,5
4802.jpg,12
4805.jpg,7
4807.jpg,8
4809.jpg,5
4815.jpg,11
4819.jpg,6
4827.jpg,13
4833.jpg,5
4837.jpg,9
4839.jpg,5
4842.jpg,7
4843.jpg,8
4848.jpg,8
4853.jpg,6
4862.jpg,9
4865.jpg,11
4867.jpg,15
4873.jpg,12
4884.jpg,5
4890.jpg,14
4892.jpg,9
4899.jpg,6
4902.jpg,11
4908.jpg,5
4911.jpg,15
4914.jpg,13
4915.jpg,7
4916.jpg,15
4924.jpg,13
4930.jpg,9
4931.jpg,13
4933.jpg,8
4935.jpg,8
4939.jpg,11
4945.jpg,11
4951.jpg,8
4952.jpg,11
4954.jpg,10
4961.jpg,12
4965.jpg,10
4969.jpg,7
4972.jpg,14
4984.jpg,8
4988.jpg,8
4990.jpg,11
4991.jpg,5
4997.jpg,5
5001.jpg,7
5002.jpg,7
5003.jpg,7
5006.jpg,11
5008.jpg,6
5011.jpg,10
5014.jpg,5
5018.jpg,9
5021.jpg,13
5034.jpg,7
5036.jpg,8
5039.jpg,6
5049.jpg,8
5050.jpg,6
5051.jpg,6
5052.jpg,5
5053.jpg,9
5057.jpg,7
5058.jpg,6
5061.jpg,9
5062.jpg,9
5066.jpg,8
5068.jpg,9
5077.jpg,6
5080.jpg,9
5086.jpg,5
5092.jpg,6
5093.jpg,6
5100.jpg,6
5106.jpg,5
5111.jpg,5
5113.jpg,9
5114.jpg,9
5118.jpg,8
5119.jpg,11
5120.jpg,7
5125.jpg,9
5136.jpg,7
5138.jpg,5
5144.jpg,8
5148.jpg,11
5150.jpg,14
5152.jpg,6
5158.jpg,9
5163.jpg,13
5169.jpg,6
5171.jpg,9
5172.jpg,11
5180.jpg,11
5182.jpg,5
5185.jpg,7
5188.jpg,11
5195.jpg,8
5197.jpg,6
5206.jpg,16
5209.jpg,13
5210.jpg,18
5216.jpg,7
5217.jpg,12
5219.jpg,11
5234.jpg,4
5238.jpg,7
5239.jpg,9
5242.jpg,6
5245.jpg,12
5252.jpg,14
5265.jpg,12
5268.jpg,5
5272.jpg,16
5274.jpg,15
5277.jpg,13
5279.jpg,17
5282.jpg,12
5285.jpg,13
5286.jpg,7
5288.jpg,15
5291.jpg,14
5294.jpg,6
5295.jpg,12
5299.jpg,5
5301.jpg,11
5307.jpg,15
5310.jpg,14
5320.jpg,5
5321.jpg,15
5332.jpg,16
5333.jpg,10
5335.jpg,16
5346.jpg,6
5347.jpg,16
5348.jpg,17
5351.jpg,14
5355.jpg,14
5357.jpg,5
5358.jpg,9
5368.jpg,5
5375.jpg,10
5376.jpg,6
5377.jpg,5
5380.jpg,7
5381.jpg,5
5385.jpg,6
5386.jpg,6
5387.jpg,5
5392.jpg,6
5397.jpg,6
5401.jpg,6
5403.jpg,6
5405.jpg,5
5408.jpg,5
5411.jpg,5
5414.jpg,8
5415.jpg,5
5424.jpg,7
5425.jpg,9
5428.jpg,6
5430.jpg,7
5431.jpg,5
5437.jpg,5
5444.jpg,5
5450.jpg,5
5454.jpg,5
5456.jpg,8
5459.jpg,7
5463.jpg,5
5465.jpg,5
5467.jpg,5
5473.jpg,6
5478.jpg,8
5479.jpg,7
5481.jpg,5
5482.jpg,5
5484.jpg,5
5486.jpg,6
5496.jpg,5
5500.jpg,5
5503.jpg,5
5509.jpg,7
5516.jpg,5
5520.jpg,9
5523.jpg,10
5525.jpg,5
5533.jpg,5
5534.jpg,6
5536.jpg,11
5539.jpg,5
5552.jpg,5
5560.jpg,7
5563.jpg,9
5564.jpg,12
5567.jpg,10
5569.jpg,14
5572.jpg,12
5574.jpg,9
5577.jpg,5
5585.jpg,6
5587.jpg,12
5591.jpg,9
5595.jpg,10
5596.jpg,5
5598.jpg,13
5605.jpg,9
5607.jpg,9
5610.jpg,11
5611.jpg,10
5614.jpg,8
5621.jpg,5
5627.jpg,8
5628.jpg,4
5632.jpg,4
5633.jpg,5
5639.jpg,3
5640.jpg,6
5646.jpg,4
5650.jpg,4
5651.jpg,4
5653.jpg,5
5661.jpg,4
5677.jpg,7
5679.jpg,5
5684.jpg,5
5688.jpg,6
5692.jpg,6
5694.jpg,4
5696.jpg,5
5698.jpg,9
5700.jpg,8
5707.jpg,8
5708.jpg,8
5711.jpg,8
5716.jpg,5
5720.jpg,4
5729.jpg,6
5733.jpg,4
5741.jpg,6
5744.jpg,6
5750.jpg,14
5764.jpg,17
5766.jpg,11
5768.jpg,11
5773.jpg,6
5783.jpg,11
5785.jpg,8
5788.jpg,12
5789.jpg,11
5793.jpg,11
5796.jpg,13
5801.jpg,6
5802.jpg,6
5804.jpg,11
5807.jpg,12
5808.jpg,11
5811.jpg,12
5820.jpg,6
5826.jpg,18
5832.jpg,12
5841.jpg,6
5849.jpg,9
5850.jpg,8
5851.jpg,9
5854.jpg,6
5856.jpg,7
5859.jpg,4
5862.jpg,13
5867.jpg,12
5870.jpg,13
5895.jpg,13
5900.jpg,15
5905.jpg,13
5907.jpg,4
5908.jpg,13
5910.jpg,12
5917.jpg,14
5919.jpg,5
5920.jpg,14
5923.jpg,6
5924.jpg,16
5927.jpg,15
5933.jpg,6
5935.jpg,14
5944.jpg,6
5945.jpg,14
5946.jpg,18
5950.jpg,6
5951.jpg,6
5952.jpg,8
5960.jpg,5
5962.jpg,6
5963.jpg,6
5968.jpg,8
5969.jpg,9
5970.jpg,7
5974.jpg,8
5975.jpg,5
5976.jpg,9
5984.jpg,5
5987.jpg,7
5988.jpg,8
5989.jpg,5
5990.jpg,6
5996.jpg,5
6005.jpg,3
6009.jpg,5
6015.jpg,3
6022.jpg,3
6023.jpg,3
6024.jpg,3
6025.jpg,5
6029.jpg,5
6030.jpg,4
6033.jpg,5
6036.jpg,6
6037.jpg,4
6044.jpg,3
6047.jpg,4
6048.jpg,5
6050.jpg,4
6052.jpg,4
6053.jpg,5
6056.jpg,2
6057.jpg,4
6058.jpg,3
6064.jpg,4
6065.jpg,3
6068.jpg,3
6071.jpg,5
6077.jpg,4
6079.jpg,3
6085.jpg,3
6091.jpg,4
6094.jpg,2
6096.jpg,3
6099.jpg,3
6101.jpg,7
6105.jpg,7
6108.jpg,3
6109.jpg,4
6111.jpg,4
6112.jpg,4
6127.jpg,4
6128.jpg,4
6129.jpg,1
6132.jpg,3
6135.jpg,3
6137.jpg,6
6139.jpg,4
6140.jpg,5
6146.jpg,3
6151.jpg,3
6152.jpg,2
6156.jpg,4
6157.jpg,4
6163.jpg,4
6164.jpg,4
6165.jpg,4
6166.jpg,5
6167.jpg,3
6172.jpg,3
6178.jpg,3
6181.jpg,2
6182.jpg,2
6188.jpg,4
6190.jpg,5
6191.jpg,5
6195.jpg,3
6196.jpg,5
6197.jpg,4
6201.jpg,2
6202.jpg,3
6210.jpg,4
6212.jpg,6
6214.jpg,4
6215.jpg,7
6220.jpg,4
6224.jpg,4
6225.jpg,4
6227.jpg,2
6233.jpg,14
6235.jpg,2
6238.jpg,3
6241.jpg,3
6243.jpg,3
6251.jpg,3
6253.jpg,3
6256.jpg,4
6261.jpg,4
6263.jpg,4
6265.jpg,4
6266.jpg,6
6272.jpg,4
6274.jpg,4
6275.jpg,3
6278.jpg,2
6281.jpg,3
6283.jpg,3
6291.jpg,4
6292.jpg,7
6293.jpg,6
6295.jpg,12
6296.jpg,5
6297.jpg,4
6298.jpg,7
6305.jpg,4
6309.jpg,2
6310.jpg,4
6314.jpg,3
6316.jpg,9
6318.jpg,3
6324.jpg,3
6328.jpg,5
6330.jpg,5
6331.jpg,5
6332.jpg,4
6339.jpg,4
6340.jpg,5
6344.jpg,4
6346.jpg,2
6347.jpg,7
6352.jpg,3
6356.jpg,4
6358.jpg,3
6363.jpg,5
6366.jpg,4
6367.jpg,4
6372.jpg,8
6375.jpg,2
6378.jpg,3
6379.jpg,3
6381.jpg,2
6386.jpg,2
6389.jpg,4
6390.jpg,4
6391.jpg,3
6392.jpg,4
6393.jpg,4
6402.jpg,3
6404.jpg,2
6409.jpg,4
6410.jpg,5
6412.jpg,4
6414.jpg,4
6416.jpg,3
6422.jpg,3
6428.jpg,4
6432.jpg,5
6434.jpg,3
6438.jpg,4
6440.jpg,5
6444.jpg,3
6450.jpg,4
6454.jpg,3
6459.jpg,5
6460.jpg,3
6466.jpg,3
6468.jpg,6
6479.jpg,5
6483.jpg,3
6488.jpg,4
6494.jpg,4
6495.jpg,4
6498.jpg,4
6500.jpg,3
6501.jpg,8
6508.jpg,4
6513.jpg,2
6515.jpg,2
6522.jpg,3
6523.jpg,2
6526.jpg,2
6527.jpg,2
6529.jpg,4
6534.jpg,2
6535.jpg,4
6537.jpg,4
6543.jpg,2
6544.jpg,2
6545.jpg,4
6549.jpg,4
6551.jpg,2
6554.jpg,2
6560.jpg,5
6563.jpg,6
6567.jpg,3
6578.jpg,6
6582.jpg,6
6589.jpg,4
6590.jpg,15
6591.jpg,8
6603.jpg,5
6607.jpg,2
6608.jpg,5
6612.jpg,3
6616.jpg,4
6619.jpg,4
6620.jpg,4
6621.jpg,6
6625.jpg,5
6628.jpg,3
6632.jpg,5
6634.jpg,5
6639.jpg,3
6645.jpg,6
6646.jpg,5
6650.jpg,4
6654.jpg,3
6656.jpg,5
6660.jpg,5
6661.jpg,4
6662.jpg,4
6663.jpg,4
6665.jpg,6
6676.jpg,6
6678.jpg,3
6689.jpg,4
6692.jpg,3
6696.jpg,3
6697.jpg,4
6703.jpg,3
6711.jpg,3
6714.jpg,3
6721.jpg,4
6723.jpg,5
6728.jpg,3
6730.jpg,4
6731.jpg,5
6736.jpg,4
6742.jpg,5
6744.jpg,6
6748.jpg,4
6749.jpg,5
6750.jpg,7
6751.jpg,6
6752.jpg,3
6757.jpg,4
6760.jpg,5
6761.jpg,6
6763.jpg,6
6764.jpg,3
6765.jpg,3
6766.jpg,3
6768.jpg,3
6777.jpg,3
6781.jpg,5
6782.jpg,4
6787.jpg,3
6788.jpg,3
6789.jpg,4
6793.jpg,5
6795.jpg,8
6800.jpg,2
6805.jpg,2
6811.jpg,3
6813.jpg,6
6816.jpg,5
6818.jpg,3
6819.jpg,2
6820.jpg,3
6822.jpg,3
6825.jpg,4
6828.jpg,4
6830.jpg,4
6831.jpg,4
6833.jpg,5
6834.jpg,6
6837.jpg,5
6843.jpg,4
6844.jpg,4
6845.jpg,3
6851.jpg,3
6858.jpg,5
6860.jpg,3
6864.jpg,2
6869.jpg,3
6873.jpg,6
6875.jpg,5
6882.jpg,4
6884.jpg,2
6885.jpg,4
6888.jpg,3
6889.jpg,5
6890.jpg,4
6891.jpg,4
6892.jpg,4
6896.jpg,5
6899.jpg,3
6901.jpg,5
6902.jpg,3
6903.jpg,3
6911.jpg,3
6912.jpg,4
6913.jpg,3
6915.jpg,3
6919.jpg,3
6920.jpg,4
6921.jpg,3
6922.jpg,2
6925.jpg,4
6926.jpg,2
6928.jpg,3
6933.jpg,3
6935.jpg,3
6938.jpg,3
6939.jpg,3
6949.jpg,3
6951.jpg,4
6953.jpg,4
6956.jpg,3
6958.jpg,2
6959.jpg,3
6964.jpg,3
6966.jpg,5
6970.jpg,4
6972.jpg,3
6983.jpg,5
6985.jpg,5
6990.jpg,6
6994.jpg,6
6995.jpg,6
6996.jpg,6
7011.jpg,4
7016.jpg,4
7018.jpg,6
7019.jpg,4
7021.jpg,5
7023.jpg,3
7024.jpg,3
7025.jpg,4
7026.jpg,9
7027.jpg,8
7028.jpg,3
7033.jpg,3
7039.jpg,3
7041.jpg,7
7049.jpg,4
7050.jpg,3
7053.jpg,5
7056.jpg,6
7058.jpg,4
7067.jpg,10
7068.jpg,5
7072.jpg,6
7080.jpg,5
7081.jpg,3
7082.jpg,4
7089.jpg,3
7094.jpg,5
7096.jpg,6
7102.jpg,4
7103.jpg,7
7106.jpg,6
7107.jpg,4
7109.jpg,5
7115.jpg,4
7116.jpg,5
7117.jpg,3
7118.jpg,3
7122.jpg,3
7124.jpg,4
7126.jpg,4
7128.jpg,5
7131.jpg,4
7134.jpg,6
7138.jpg,4
7140.jpg,4
7141.jpg,3
7150.jpg,3
7152.jpg,4
7153.jpg,8
7158.jpg,5
7164.jpg,4
7167.jpg,8
7168.jpg,5
7181.jpg,3
7185.jpg,3
7188.jpg,3
7190.jpg,5
7192.jpg,3
7193.jpg,3
7198.jpg,5
7201.jpg,3
7207.jpg,5
7208.jpg,3
7209.jpg,3
7216.jpg,4
7217.jpg,3
7219.jpg,4
7220.jpg,4
7222.jpg,2
7224.jpg,2
7227.jpg,4
7228.jpg,6
7229.jpg,4
7230.jpg,4
7232.jpg,4
7239.jpg,2
7240.jpg,4
7248.jpg,3
7249.jpg,4
7250.jpg,3
7251.jpg,3
7253.jpg,3
7255.jpg,4
7256.jpg,4
7259.jpg,4
7261.jpg,2
7267.jpg,4
7268.jpg,5
7270.jpg,4
7271.jpg,3
7281.jpg,3
7285.jpg,4
7286.jpg,5
7290.jpg,2
7291.jpg,4
7294.jpg,3
7295.jpg,5
7303.jpg,3
7305.jpg,5
7314.jpg,3
7325.jpg,5
7328.jpg,4
7339.jpg,4
7345.jpg,4
7353.jpg,7
7354.jpg,5
7358.jpg,3
7364.jpg,3
7373.jpg,3
7374.jpg,3
7377.jpg,2
7378.jpg,3
7381.jpg,4
7383.jpg,4
7384.jpg,9
7385.jpg,2
7386.jpg,8
7390.jpg,4
7394.jpg,3
7398.jpg,4
7401.jpg,4
7409.jpg,4
7410.jpg,5
7411.jpg,7
7414.jpg,4
7420.jpg,3
7421.jpg,3
7424.jpg,6
7438.jpg,7
7441.jpg,5
7447.jpg,4
7450.jpg,4
7451.jpg,5
7455.jpg,3
7456.jpg,4
7461.jpg,2
7462.jpg,4
7463.jpg,5
7464.jpg,4
7470.jpg,3
7473.jpg,3
7474.jpg,7
7478.jpg,2
7481.jpg,5
7490.jpg,4
7495.jpg,3
7497.jpg,2
7498.jpg,3
7501.jpg,2
7506.jpg,3
7510.jpg,5
7516.jpg,2
7524.jpg,4
7527.jpg,3
7529.jpg,3
7536.jpg,5
7537.jpg,2
7539.jpg,2
7541.jpg,2
7543.jpg,2
7545.jpg,3
7548.jpg,2
7550.jpg,3
7560.jpg,2
7563.jpg,2
7566.jpg,2
7568.jpg,4
7571.jpg,5
7573.jpg,2
7577.jpg,3
7580.jpg,4
7585.jpg,7
7589.jpg,7
7590.jpg,4
7593.jpg,4
7597.jpg,6
7599.jpg,4
7601.jpg,5
7609.jpg,4
7611.jpg,2
7626.jpg,4
7627.jpg,4
7629.jpg,3
7634.jpg,2
7642.jpg,3
7648.jpg,5
7650.jpg,4
7657.jpg,3
7658.jpg,3
7659.jpg,3
7660.jpg,3
7666.jpg,5
7669.jpg,4
7670.jpg,3
7680.jpg,4
7683.jpg,6
7694.jpg,3
7695.jpg,3
7698.jpg,6
7701.jpg,4
7705.jpg,2
7706.jpg,5
7711.jpg,5
7715.jpg,4
7719.jpg,6
7720.jpg,2
7730.jpg,4
7731.jpg,4
7735.jpg,4
7737.jpg,11
7742.jpg,5
7743.jpg,4
7744.jpg,3
7747.jpg,4
7752.jpg,3
7753.jpg,4
7757.jpg,6
7762.jpg,2
7767.jpg,3
7770.jpg,5
7771.jpg,3
7773.jpg,4
7778.jpg,5
7785.jpg,2
7790.jpg,4
7791.jpg,6
7792.jpg,7
7794.jpg,3
7797.jpg,4
7801.jpg,3
7819.jpg,9
7823.jpg,3
7826.jpg,4
7828.jpg,1
7829.jpg,4
7831.jpg,7
7834.jpg,4
7836.jpg,4
7837.jpg,4
7838.jpg,2
7839.jpg,4
7842.jpg,3
7843.jpg,5
7846.jpg,7
7847.jpg,4
7848.jpg,4
7849.jpg,5
7850.jpg,6
7852.jpg,3
7853.jpg,7
7857.jpg,3
7859.jpg,6
7869.jpg,2
7874.jpg,3
7876.jpg,5
7880.jpg,5
7881.jpg,5
7882.jpg,3
7886.jpg,5
7888.jpg,5
7890.jpg,6
7892.jpg,5
7893.jpg,3
7898.jpg,3
7899.jpg,6
7901.jpg,3
7902.jpg,3
7903.jpg,4
7910.jpg,4
7916.jpg,3
7917.jpg,6
7918.jpg,6
7920.jpg,5
7924.jpg,2
7926.jpg,3
7928.jpg,3
7931.jpg,5
7934.jpg,6
7936.jpg,4
7941.jpg,5
7942.jpg,3
7959.jpg,7
7966.jpg,3
7968.jpg,5
7969.jpg,3
7971.jpg,5
7974.jpg,1
7980.jpg,4
7984.jpg,2
7986.jpg,3
7987.jpg,2
7988.jpg,3
7989.jpg,4
7993.jpg,2
8000.jpg,5
8004.jpg,3
8005.jpg,4
8010.jpg,3
8013.jpg,3
8014.jpg,3
8016.jpg,2
8017.jpg,2
8020.jpg,4
8023.jpg,4
8024.jpg,3
8025.jpg,3
8026.jpg,4
8031.jpg,6
8032.jpg,5
8033.jpg,11
8034.jpg,8
8036.jpg,5
8038.jpg,6
8039.jpg,3
8043.jpg,4
8046.jpg,7
8049.jpg,3
8052.jpg,2
8054.jpg,3
8062.jpg,3
8063.jpg,6
8067.jpg,4
8068.jpg,3
8071.jpg,4
8083.jpg,4
8094.jpg,7
8098.jpg,7
8102.jpg,6
8104.jpg,6
8105.jpg,2
8106.jpg,6
8110.jpg,3
8111.jpg,2
8115.jpg,5
8117.jpg,4
8119.jpg,3
8120.jpg,3
8122.jpg,3
8124.jpg,5
8125.jpg,11
8127.jpg,3
8129.jpg,3
8136.jpg,6
8137.jpg,5
8138.jpg,4
8142.jpg,4
8145.jpg,3
8148.jpg,4
8158.jpg,3
8161.jpg,2
8162.jpg,2
8164.jpg,5
8166.jpg,5
8176.jpg,4
8177.jpg,5
8179.jpg,4
8180.jpg,2
8183.jpg,3
8186.jpg,4
8188.jpg,4
8189.jpg,3
8190.jpg,3
8192.jpg,4
8193.jpg,4
8194.jpg,5
8196.jpg,5
8209.jpg,4
8210.jpg,4
8214.jpg,3
8217.jpg,5
8218.jpg,6
8224.jpg,5
8230.jpg,5
8234.jpg,4
8235.jpg,3
8236.jpg,2
8238.jpg,4
8240.jpg,2
8241.jpg,4
8245.jpg,3
8251.jpg,4
8255.jpg,3
8259.jpg,4
8260.jpg,4
8264.jpg,3
8266.jpg,3
8268.jpg,3
8270.jpg,3
8273.jpg,3
8278.jpg,3
8284.jpg,3
8286.jpg,3
8292.jpg,4
8294.jpg,3
8296.jpg,4
8302.jpg,4
8305.jpg,2
8312.jpg,5
8316.jpg,4
8318.jpg,3
8322.jpg,5
8323.jpg,3
8327.jpg,4
8328.jpg,4
8330.jpg,5
8331.jpg,5
8333.jpg,5
8334.jpg,3
8339.jpg,3
8343.jpg,3
8355.jpg,4
8357.jpg,2
8361.jpg,5
8363.jpg,4
8365.jpg,2
8369.jpg,3
8376.jpg,1
8377.jpg,3
8384.jpg,2
8388.jpg,3
8389.jpg,2
8393.jpg,3
8395.jpg,3
8400.jpg,2
8404.jpg,3
8406.jpg,9
8411.jpg,2
8415.jpg,2
8428.jpg,10
8430.jpg,4
8434.jpg,2
8440.jpg,5
8442.jpg,6
8443.jpg,6
8445.jpg,2
8446.jpg,4
8455.jpg,1
8456.jpg,3
8462.jpg,8
8465.jpg,3
8466.jpg,6
8469.jpg,3
8472.jpg,3
8475.jpg,2
8482.jpg,4
8488.jpg,5
8489.jpg,1
8495.jpg,4
8503.jpg,3
8509.jpg,6
8510.jpg,3
8514.jpg,2
8516.jpg,6
8526.jpg,13
8527.jpg,3
8535.jpg,3
8539.jpg,2
8540.jpg,6
8541.jpg,7
8547.jpg,4
8548.jpg,3
8550.jpg,3
8553.jpg,2
8555.jpg,4
8556.jpg,4
8559.jpg,4
8565.jpg,4
8575.jpg,4
8576.jpg,4
8578.jpg,4
8581.jpg,4
8582.jpg,6
8583.jpg,3
8586.jpg,3
8589.jpg,6
8590.jpg,4
8592.jpg,5
8609.jpg,3
8613.jpg,3
8617.jpg,4
8624.jpg,3
8626.jpg,4
8627.jpg,4
8631.jpg,2
8632.jpg,3
8634.jpg,3
8636.jpg,4
8637.jpg,8
8638.jpg,4
8639.jpg,5
8644.jpg,9
8646.jpg,6
8650.jpg,4
8652.jpg,5
8655.jpg,6
8658.jpg,7
8663.jpg,5
8666.jpg,11
8667.jpg,4
8668.jpg,2
8672.jpg,4
8673.jpg,4
8678.jpg,7
8679.jpg,8
8681.jpg,5
8684.jpg,5
8689.jpg,3
8700.jpg,4
8703.jpg,3
8710.jpg,3
8713.jpg,7
8718.jpg,6
8729.jpg,3
8736.jpg,3
8737.jpg,3
8738.jpg,5
8739.jpg,4
8743.jpg,3
8751.jpg,4
8752.jpg,9
8754.jpg,1
8756.jpg,4
8758.jpg,3
8761.jpg,4
8762.jpg,2
8765.jpg,5
8770.jpg,2
8771.jpg,2
8772.jpg,7
8773.jpg,9
8781.jpg,9
8784.jpg,5
8787.jpg,3
8788.jpg,4
8797.jpg,1
8798.jpg,3
8800.jpg,2
8806.jpg,2
8807.jpg,4
8811.jpg,6
8812.jpg,3
8818.jpg,4
8821.jpg,5
8822.jpg,5
8827.jpg,3
8831.jpg,4
8833.jpg,4
8834.jpg,7
8835.jpg,10
8839.jpg,4
8840.jpg,4
8841.jpg,5
8842.jpg,4
8844.jpg,4
8848.jpg,6
8852.jpg,4
8858.jpg,2
8859.jpg,2
8869.jpg,3
8877.jpg,4
8878.jpg,5
8880.jpg,5
8886.jpg,4
8888.jpg,4
8889.jpg,4
8891.jpg,3
8896.jpg,5
8901.jpg,5
8905.jpg,4
8906.jpg,4
8908.jpg,4
8912.jpg,4
8913.jpg,4
8915.jpg,1
8917.jpg,3
8919.jpg,5
8920.jpg,7
8927.jpg,4
8928.jpg,6
8930.jpg,2
8932.jpg,2
8936.jpg,3
8939.jpg,8
8940.jpg,4
8946.jpg,3
8948.jpg,3
8952.jpg,7
8954.jpg,2
8959.jpg,2
8960.jpg,4
8966.jpg,4
8968.jpg,4
8971.jpg,2
8975.jpg,3
8979.jpg,8
8982.jpg,4
8984.jpg,4
8985.jpg,4
8989.jpg,4
8994.jpg,6
8995.jpg,4
8996.jpg,5
9010.jpg,11
9011.jpg,6
9013.jpg,5
9014.jpg,7
9015.jpg,3
9020.jpg,5
9024.jpg,4
9027.jpg,5
9029.jpg,6
9031.jpg,6
9038.jpg,11
9040.jpg,8
9041.jpg,8
9042.jpg,8
9043.jpg,12
9044.jpg,8
9045.jpg,6
9046.jpg,7
9048.jpg,12
9052.jpg,4
9054.jpg,4
9065.jpg,4
9066.jpg,4
9073.jpg,3
9074.jpg,4
9082.jpg,5
9087.jpg,4
9091.jpg,5
9092.jpg,4
9096.jpg,5
9105.jpg,3
9113.jpg,3
9118.jpg,3
9119.jpg,2
9120.jpg,3
9121.jpg,2
9123.jpg,2
9128.jpg,9
9131.jpg,2
9132.jpg,6
9133.jpg,6
9134.jpg,4
9137.jpg,6
9138.jpg,5
9141.jpg,3
9145.jpg,3
9147.jpg,3
9150.jpg,6
9158.jpg,5
9159.jpg,4
9165.jpg,3
9170.jpg,4
9171.jpg,9
9174.jpg,4
9178.jpg,9
9182.jpg,5
9183.jpg,2
9186.jpg,5
9190.jpg,5
9193.jpg,4
9201.jpg,7
9203.jpg,3
9216.jpg,5
9219.jpg,4
9221.jpg,2
9223.jpg,5
9224.jpg,5
9225.jpg,2
9227.jpg,10
9228.jpg,5
9231.jpg,6
9236.jpg,9
9238.jpg,7
9243.jpg,2
9251.jpg,3
9252.jpg,4
9258.jpg,3
9259.jpg,4
9266.jpg,6
9268.jpg,4
9270.jpg,4
9271.jpg,6
9273.jpg,4
9276.jpg,4
9277.jpg,4
9283.jpg,4
9287.jpg,4
9294.jpg,3
9301.jpg,2
9307.jpg,5
9309.jpg,2
9316.jpg,3
9323.jpg,4
9324.jpg,5
9329.jpg,5
9332.jpg,3
9333.jpg,3
9336.jpg,5
9337.jpg,3
9340.jpg,5
9342.jpg,4
9343.jpg,4
9344.jpg,4
9347.jpg,5
9349.jpg,4
9350.jpg,5
9351.jpg,5
9356.jpg,5
9358.jpg,5
9366.jpg,3
9368.jpg,2
9373.jpg,2
9374.jpg,2
9375.jpg,6
9376.jpg,4
9383.jpg,3
9386.jpg,3
9387.jpg,4
9390.jpg,3
9391.jpg,6
9399.jpg,16
9400.jpg,16
9405.jpg,20
9408.jpg,6
9410.jpg,12
9412.jpg,13
9414.jpg,4
9417.jpg,5
9423.jpg,4
9429.jpg,7
9430.jpg,7
9432.jpg,4
9433.jpg,5
9436.jpg,5
9438.jpg,5
9439.jpg,4
9443.jpg,3
9449.jpg,7
9451.jpg,5
9453.jpg,4
9457.jpg,4
9458.jpg,10
9468.jpg,7
9485.jpg,4
9490.jpg,10
9493.jpg,3
9494.jpg,2
9499.jpg,5
9500.jpg,3
9501.jpg,3
9505.jpg,6
9506.jpg,5
9507.jpg,5
9511.jpg,4
9514.jpg,6
9522.jpg,3
9523.jpg,4
9527.jpg,3
9528.jpg,4
9529.jpg,5
9534.jpg,3
9539.jpg,2
9545.jpg,6
9548.jpg,4
9550.jpg,3
9553.jpg,4
9556.jpg,3
9558.jpg,3
9565.jpg,3
9567.jpg,2
9571.jpg,4
9572.jpg,5
9577.jpg,3
9580.jpg,3
9593.jpg,3
9594.jpg,3
9595.jpg,2
9598.jpg,5
9600.jpg,4
9601.jpg,5
9608.jpg,3
9612.jpg,3
9614.jpg,3
9617.jpg,6
9620.jpg,3
9623.jpg,3
9625.jpg,3
9628.jpg,4
9633.jpg,2
9634.jpg,4
9638.jpg,3
9639.jpg,3
9643.jpg,3
9645.jpg,4
9656.jpg,2
9660.jpg,3
9661.jpg,4
9663.jpg,2
9668.jpg,4
9673.jpg,5
9674.jpg,4
9681.jpg,4
9684.jpg,4
9685.jpg,4
9689.jpg,4
9690.jpg,5
9697.jpg,3
9698.jpg,4
9700.jpg,4
9702.jpg,4
9703.jpg,4
9709.jpg,4
9711.jpg,4
9712.jpg,4
9721.jpg,4
9726.jpg,3
9728.jpg,5
9729.jpg,4
9730.jpg,4
9734.jpg,4
9745.jpg,3
9746.jpg,4
9750.jpg,4
9757.jpg,3
9758.jpg,3
9765.jpg,2
9767.jpg,4
9771.jpg,3
9774.jpg,3
9776.jpg,4
9781.jpg,3
9784.jpg,3
9785.jpg,4
9787.jpg,4
9788.jpg,4
9792.jpg,5
9796.jpg,3
9801.jpg,2
9803.jpg,3
9804.jpg,3
9809.jpg,3
9810.jpg,3
9811.jpg,3
9814.jpg,3
9815.jpg,3
9816.jpg,3
9818.jpg,4
9825.jpg,3
9827.jpg,2
9832.jpg,3
9835.jpg,4
9851.jpg,5
9855.jpg,5
9856.jpg,6
9859.jpg,5
9860.jpg,4
9863.jpg,5
9867.jpg,3
9868.jpg,3
9869.jpg,4
9870.jpg,1
9873.jpg,5
9874.jpg,2
9876.jpg,4
9877.jpg,4
9879.jpg,4
9883.jpg,3
9888.jpg,2
9889.jpg,3
9891.jpg,3
9893.jpg,4
9901.jpg,4
9902.jpg,9
9904.jpg,3
9905.jpg,3
9909.jpg,2
9910.jpg,2
9911.jpg,1
9918.jpg,3
9920.jpg,5
9922.jpg,3
9923.jpg,3
9926.jpg,2
9930.jpg,2
9933.jpg,3
9938.jpg,2
9939.jpg,2
9943.jpg,5
9944.jpg,3
9946.jpg,2
9948.jpg,3
9949.jpg,3
9959.jpg,3
9965.jpg,4
9973.jpg,4
9975.jpg,2
9976.jpg,3
9977.jpg,2
9981.jpg,4
9984.jpg,4
9986.jpg,2
9991.jpg,3
9994.jpg,3
9998.jpg,5
10005.jpg,3
10006.jpg,3
10009.jpg,3
10011.jpg,3
10014.jpg,3
10016.jpg,3
10019.jpg,4
10021.jpg,6
10024.jpg,4
10027.jpg,6
10029.jpg,6
10031.jpg,2
10035.jpg,3
10038.jpg,4
10040.jpg,3
10042.jpg,20
10045.jpg,6
10046.jpg,5
10051.jpg,3
10055.jpg,3
10056.jpg,4
10058.jpg,2
10060.jpg,3
10063.jpg,15
10066.jpg,6
10091.jpg,5
10093.jpg,4
10094.jpg,3
10095.jpg,5
10099.jpg,3
10100.jpg,4
10102.jpg,5
10103.jpg,5
10105.jpg,3
10106.jpg,4
10107.jpg,5
10113.jpg,5
10114.jpg,8
10115.jpg,8
10117.jpg,6
10121.jpg,3
10123.jpg,4
10131.jpg,3
10132.jpg,2
10137.jpg,5
10140.jpg,5
10141.jpg,5
10142.jpg,4
10155.jpg,4
10157.jpg,7
10163.jpg,4
10168.jpg,3
10170.jpg,6
10173.jpg,2
10175.jpg,4
10176.jpg,6
10179.jpg,4
10180.jpg,5
10183.jpg,5
10184.jpg,6
10185.jpg,6
10188.jpg,3
10190.jpg,5
10194.jpg,6
10195.jpg,4
10197.jpg,7
10199.jpg,6
10200.jpg,4
10212.jpg,3
10217.jpg,4
10220.jpg,5
10223.jpg,4
10224.jpg,6
10228.jpg,6
10234.jpg,4
10239.jpg,5
10240.jpg,5
10246.jpg,4
10249.jpg,7
10251.jpg,6
10255.jpg,4
10257.jpg,4
10258.jpg,2
10260.jpg,4
10267.jpg,5
10274.jpg,4
10280.jpg,4
10286.jpg,3
10296.jpg,2
10298.jpg,6
10302.jpg,4
10307.jpg,5
10310.jpg,4
10315.jpg,3
10318.jpg,6
10322.jpg,2
10326.jpg,4
10330.jpg,3
10333.jpg,4
10335.jpg,3
10338.jpg,5
10340.jpg,3
10342.jpg,4
10343.jpg,6
10345.jpg,5
10348.jpg,4
10349.jpg,6
10355.jpg,4
10357.jpg,6
10369.jpg,5
10370.jpg,6
10373.jpg,6
10374.jpg,5
10377.jpg,7
10380.jpg,9
10381.jpg,9
10382.jpg,4
10386.jpg,4
10393.jpg,6
10396.jpg,3
10399.jpg,4
10401.jpg,6
10405.jpg,4
10410.jpg,4
10411.jpg,3
10415.jpg,4
10420.jpg,5
10425.jpg,4
10426.jpg,3
10427.jpg,4
10434.jpg,4
10435.jpg,3
10439.jpg,4
10440.jpg,2
10441.jpg,2
10460.jpg,3
10464.jpg,6
10467.jpg,4
10468.jpg,4
10473.jpg,3
10474.jpg,4
10475.jpg,5
10482.jpg,6
10487.jpg,6
10488.jpg,5
10489.jpg,5
10493.jpg,3
10494.jpg,3
10497.jpg,4
10498.jpg,4
10502.jpg,3
10504.jpg,4
10506.jpg,4
10508.jpg,4
10510.jpg,3
10518.jpg,5
10531.jpg,4
10543.jpg,5
10544.jpg,4
10558.jpg,4
10559.jpg,4
10563.jpg,3
10568.jpg,2
10571.jpg,7
10574.jpg,7
10575.jpg,7
10582.jpg,4
10586.jpg,5
10589.jpg,6
10591.jpg,3
10592.jpg,7
10593.jpg,3
10599.jpg,6
10609.jpg,4
10613.jpg,4
10614.jpg,7
10615.jpg,3
10619.jpg,3
10622.jpg,3
10623.jpg,4
10630.jpg,5
10635.jpg,3
10638.jpg,3
10642.jpg,5
10644.jpg,5
10649.jpg,2
10651.jpg,2
10653.jpg,2
10655.jpg,3
10658.jpg,4
10659.jpg,3
10664.jpg,2
10666.jpg,4
10667.jpg,3
10671.jpg,3
10681.jpg,3
10682.jpg,4
10684.jpg,3
10687.jpg,3
10688.jpg,3
10689.jpg,12
10695.jpg,3
10698.jpg,5
10700.jpg,2
10701.jpg,5
10710.jpg,5
10712.jpg,3
10718.jpg,5
10724.jpg,2
10726.jpg,2
10727.jpg,3
10731.jpg,3
10738.jpg,3
10739.jpg,4
10741.jpg,3
10742.jpg,2
10743.jpg,1
10745.jpg,4
10746.jpg,3
10751.jpg,4
10762.jpg,4
10768.jpg,3
10774.jpg,5
10780.jpg,3
10783.jpg,17
10786.jpg,6
10793.jpg,6
10795.jpg,4
10798.jpg,5
10801.jpg,4
10804.jpg,5
10807.jpg,4
10817.jpg,7
10818.jpg,6
10820.jpg,5
10822.jpg,3
10824.jpg,4
10825.jpg,3
10827.jpg,6
10828.jpg,4
10830.jpg,4
10836.jpg,5
10837.jpg,10
10842.jpg,4
10848.jpg,10
10857.jpg,3
10860.jpg,6
10862.jpg,4
10864.jpg,3
10868.jpg,4
10872.jpg,4
10873.jpg,4
10874.jpg,5
10876.jpg,4
10879.jpg,4
10890.jpg,8
10891.jpg,4
10893.jpg,4
10896.jpg,7
10898.jpg,3
10902.jpg,6
10909.jpg,3
10910.jpg,3
10912.jpg,4
10913.jpg,6
10917.jpg,6
10923.jpg,4
10927.jpg,3
10931.jpg,4
10940.jpg,5
10941.jpg,5
10942.jpg,6
10945.jpg,3
10955.jpg,4
10957.jpg,6
10962.jpg,5
10965.jpg,3
10973.jpg,4
10976.jpg,4
10977.jpg,4
10978.jpg,4
10979.jpg,5
10985.jpg,7
10989.jpg,5
10993.jpg,3
10994.jpg,3
10998.jpg,4
11002.jpg,4
11009.jpg,6
11010.jpg,4
11011.jpg,4
11012.jpg,3
11014.jpg,4
11019.jpg,3
11022.jpg,9
11024.jpg,9
11030.jpg,4
11031.jpg,5
11034.jpg,5
11035.jpg,4
11047.jpg,4
11050.jpg,4
11051.jpg,4
11055.jpg,5
11058.jpg,5
11062.jpg,3
11063.jpg,2
11064.jpg,3
11065.jpg,3
11066.jpg,5
11071.jpg,3
11077.jpg,6
11079.jpg,5
11080.jpg,5
11081.jpg,4
11085.jpg,6
11097.jpg,5
11099.jpg,5
11101.jpg,3
11108.jpg,4
11111.jpg,4
11113.jpg,4
11117.jpg,6
11130.jpg,4
11132.jpg,4
11136.jpg,4
11143.jpg,4
11149.jpg,4
11153.jpg,6
11161.jpg,4
11165.jpg,6
11171.jpg,5
11184.jpg,5
11190.jpg,3
11191.jpg,3
11195.jpg,4
11197.jpg,5
11201.jpg,4
11204.jpg,4
11205.jpg,3
11207.jpg,4
11209.jpg,5
11211.jpg,3
11222.jpg,2
11228.jpg,4
11231.jpg,3
11234.jpg,5
11236.jpg,4
11238.jpg,4
11239.jpg,5
11244.jpg,3
11245.jpg,2
11246.jpg,3
11250.jpg,3
11251.jpg,3
11262.jpg,4
11263.jpg,3
11264.jpg,4
11266.jpg,4
11268.jpg,4
11269.jpg,2
11281.jpg,3
11283.jpg,3
11286.jpg,2
11288.jpg,4
11290.jpg,4
11293.jpg,3
11297.jpg,6
11300.jpg,6
11310.jpg,6
11311.jpg,7
11312.jpg,5
11317.jpg,6
11318.jpg,4
11319.jpg,5
11322.jpg,2
11325.jpg,4
11328.jpg,4
11332.jpg,4
11335.jpg,5
11336.jpg,3
11338.jpg,4
11339.jpg,4
11340.jpg,4
11341.jpg,4
11342.jpg,1
11344.jpg,3
11346.jpg,5
11347.jpg,5
11348.jpg,3
11355.jpg,4
11358.jpg,1
11362.jpg,7
11365.jpg,6
11368.jpg,5
11369.jpg,3
11370.jpg,3
11371.jpg,4
11374.jpg,3
11380.jpg,3
11381.jpg,2
11383.jpg,3
11388.jpg,4
11390.jpg,3
11392.jpg,4
11394.jpg,3
11396.jpg,5
11402.jpg,3
11403.jpg,4
11404.jpg,3
11405.jpg,2
11411.jpg,4
11414.jpg,6
11417.jpg,3
11432.jpg,2
11434.jpg,2
11452.jpg,3
11453.jpg,3
11456.jpg,4
11457.jpg,4
11458.jpg,4
11462.jpg,5
11471.jpg,2
11474.jpg,4
11475.jpg,3
11476.jpg,4
11480.jpg,2
11488.jpg,5
11490.jpg,10
11492.jpg,11
11501.jpg,2
11506.jpg,6
11517.jpg,8
11520.jpg,3
11523.jpg,1
11526.jpg,4
11530.jpg,4
11531.jpg,7
11532.jpg,5
11535.jpg,4
11537.jpg,6
11547.jpg,14
11548.jpg,14
11549.jpg,10
11552.jpg,7
11553.jpg,3
11561.jpg,6
11566.jpg,4
11568.jpg,6
11569.jpg,7
11570.jpg,5
11572.jpg,3
11578.jpg,2
11583.jpg,3
11584.jpg,5
11590.jpg,3
11601.jpg,5
11602.jpg,5
11608.jpg,4
11612.jpg,3
11616.jpg,4
11624.jpg,4
11629.jpg,3
11640.jpg,5
11641.jpg,5
11643.jpg,3
11644.jpg,3
11648.jpg,6
11649.jpg,7
11651.jpg,8
11654.jpg,3
11657.jpg,5
11658.jpg,3
11660.jpg,6
11661.jpg,2
11670.jpg,10
11675.jpg,3
11681.jpg,7
11684.jpg,3
11686.jpg,5
11689.jpg,4
11690.jpg,3
11692.jpg,4
11694.jpg,4
11696.jpg,4
11699.jpg,4
11703.jpg,2
11706.jpg,11
11707.jpg,7
11712.jpg,5
11713.jpg,5
11722.jpg,5
11725.jpg,6
11727.jpg,2
11729.jpg,4
11731.jpg,6
11733.jpg,4
11738.jpg,3
11741.jpg,6
11742.jpg,5
11743.jpg,3
11744.jpg,4
11745.jpg,3
11750.jpg,2
11751.jpg,7
11762.jpg,4
11763.jpg,3
11769.jpg,2
11771.jpg,4
11777.jpg,5
11779.jpg,6
11781.jpg,3
11788.jpg,4
11791.jpg,8
11800.jpg,4
11807.jpg,6
11808.jpg,7
11815.jpg,4
11816.jpg,3
11818.jpg,4
11820.jpg,3
11823.jpg,4
11825.jpg,6
11831.jpg,3
11833.jpg,3
11836.jpg,6
11839.jpg,2
11846.jpg,5
11851.jpg,5
11857.jpg,6
11859.jpg,7
11869.jpg,6
11870.jpg,3
11872.jpg,6
11878.jpg,4
11886.jpg,3
11887.jpg,1
11888.jpg,5
11894.jpg,10
11898.jpg,5
11899.jpg,7
11904.jpg,4
11907.jpg,2
11908.jpg,3
11914.jpg,3
11918.jpg,3
11919.jpg,10
11920.jpg,3
11922.jpg,8
11925.jpg,4
11926.jpg,4
11927.jpg,6
11932.jpg,3
11937.jpg,4
11941.jpg,3
11946.jpg,5
11948.jpg,3
11950.jpg,5
11952.jpg,2
11953.jpg,5
11956.jpg,4
11960.jpg,5
11961.jpg,6
11962.jpg,5
11969.jpg,5
11970.jpg,5
11973.jpg,5
11974.jpg,7
11984.jpg,4
11991.jpg,4
11995.jpg,5
11996.jpg,3
11997.jpg,4
11999.jpg,3
12002.jpg,3
12007.jpg,2
12009.jpg,5
12010.jpg,5
12015.jpg,4
12019.jpg,3
12021.jpg,3
12022.jpg,4
12024.jpg,2
12026.jpg,2
12033.jpg,5
12037.jpg,2
12042.jpg,2
12043.jpg,3
12044.jpg,3
12045.jpg,2
12047.jpg,3
12055.jpg,4
12060.jpg,1
12061.jpg,2
12063.jpg,2
12064.jpg,2
12067.jpg,2
12071.jpg,4
12078.jpg,3
12082.jpg,3
12084.jpg,2
12090.jpg,2
12092.jpg,2
12094.jpg,2
12095.jpg,3
12098.jpg,2
12103.jpg,3
12104.jpg,3
12107.jpg,3
12109.jpg,3
12112.jpg,3
12115.jpg,3
12118.jpg,4
12119.jpg,3
12121.jpg,2
12123.jpg,4
12127.jpg,4
12129.jpg,2
12140.jpg,1
12143.jpg,2
12147.jpg,2
12153.jpg,3
12154.jpg,3
12155.jpg,3
12157.jpg,4
12166.jpg,5
12170.jpg,3
12174.jpg,2
12181.jpg,5
12188.jpg,3
12201.jpg,3
12205.jpg,3
12206.jpg,6
12207.jpg,7
12208.jpg,7
12220.jpg,7
12224.jpg,3
12225.jpg,3
12226.jpg,5
12228.jpg,5
12230.jpg,2
12232.jpg,4
12233.jpg,4
12236.jpg,6
12245.jpg,4
12246.jpg,7
12248.jpg,4
12249.jpg,4
12256.jpg,2
12257.jpg,2
12266.jpg,4
12267.jpg,3
12269.jpg,5
12271.jpg,4
12273.jpg,4
12276.jpg,3
12278.jpg,4
12279.jpg,4
12284.jpg,4
12287.jpg,6
12290.jpg,6
12297.jpg,9
12298.jpg,11
12299.jpg,7
12300.jpg,8
12302.jpg,5
12303.jpg,4
12304.jpg,4
12307.jpg,6
12308.jpg,4
12313.jpg,6
12316.jpg,7
12317.jpg,4
12325.jpg,5
12329.jpg,4
12331.jpg,4
12336.jpg,4
12340.jpg,4
12344.jpg,4
12345.jpg,11
12349.jpg,4
12350.jpg,7
12352.jpg,5
12363.jpg,5
12367.jpg,9
12368.jpg,8
12370.jpg,5
12371.jpg,7
12375.jpg,6
12378.jpg,5
12382.jpg,2
12384.jpg,3
12386.jpg,8
12388.jpg,4
12392.jpg,6
12396.jpg,5
12399.jpg,4
12401.jpg,2
12409.jpg,4
12412.jpg,5
12415.jpg,4
12419.jpg,9
12421.jpg,3
12422.jpg,3
12424.jpg,4
12426.jpg,4
12430.jpg,4
12432.jpg,3
12433.jpg,3
12438.jpg,4
12442.jpg,4
12444.jpg,6
12449.jpg,6
12456.jpg,4
12457.jpg,3
12458.jpg,3
12459.jpg,5
12462.jpg,5
12466.jpg,6
12468.jpg,4
12471.jpg,3
12472.jpg,4
12479.jpg,5
12481.jpg,4
12482.jpg,4
12485.jpg,7
12486.jpg,7
12490.jpg,6
12496.jpg,4
12503.jpg,6
12506.jpg,7
12507.jpg,5
12508.jpg,4
12511.jpg,4
12514.jpg,4
12515.jpg,8
12519.jpg,2
12523.jpg,3
12524.jpg,3
12525.jpg,4
12529.jpg,4
12533.jpg,5
12537.jpg,3
12541.jpg,2
12550.jpg,4
12552.jpg,5
12557.jpg,4
12558.jpg,3
12559.jpg,6
12565.jpg,6
12566.jpg,2
12568.jpg,3
12580.jpg,4
12581.jpg,5
12584.jpg,3
12585.jpg,5
12586.jpg,3
12588.jpg,2
12591.jpg,1
12594.jpg,4
12597.jpg,3
12603.jpg,3
12604.jpg,2
12605.jpg,3
12610.jpg,5
12611.jpg,5
12613.jpg,2
12615.jpg,1
12616.jpg,2
12621.jpg,5
12624.jpg,10
12625.jpg,5
12626.jpg,6
12627.jpg,7
12630.jpg,2
12632.jpg,3
12633.jpg,4
12634.jpg,5
12636.jpg,5
12637.jpg,2
12640.jpg,3
12642.jpg,4
12647.jpg,6
12649.jpg,3
12656.jpg,3
12657.jpg,6
12659.jpg,4
12660.jpg,2
12661.jpg,3
12664.jpg,4
12672.jpg,5
12673.jpg,6
12680.jpg,10
12682.jpg,5
12684.jpg,11
12697.jpg,6
12700.jpg,2
12715.jpg,3
12719.jpg,6
12727.jpg,3
12728.jpg,6
12732.jpg,4
12735.jpg,3
12739.jpg,3
12749.jpg,4
12751.jpg,6
12752.jpg,7
12759.jpg,3
12763.jpg,2
12765.jpg,5
12766.jpg,6
12771.jpg,4
12777.jpg,5
12779.jpg,4
12786.jpg,4
12787.jpg,4
12788.jpg,7
12789.jpg,3
12791.jpg,3
12795.jpg,6
12798.jpg,6
12799.jpg,5
12802.jpg,3
12806.jpg,4
12807.jpg,4
12808.jpg,3
12811.jpg,3
12815.jpg,3
12817.jpg,3
12819.jpg,4
12820.jpg,3
12822.jpg,4
12823.jpg,1
12824.jpg,4
12825.jpg,4
12828.jpg,3
12830.jpg,4
12831.jpg,4
12832.jpg,2
12833.jpg,2
12841.jpg,2
12847.jpg,4
12848.jpg,8
12850.jpg,5
12851.jpg,5
12858.jpg,6
12859.jpg,5
12862.jpg,7
12863.jpg,4
12867.jpg,3
12872.jpg,6
12874.jpg,6
12881.jpg,4
12884.jpg,2
12887.jpg,4
12888.jpg,4
12889.jpg,4
12891.jpg,5
12896.jpg,4
12898.jpg,3
12899.jpg,3
12902.jpg,3
12903.jpg,2
12904.jpg,3
12905.jpg,4
12910.jpg,4
12912.jpg,4
12913.jpg,5
12914.jpg,8
12918.jpg,6
12922.jpg,4
12923.jpg,3
12926.jpg,5
12927.jpg,3
12933.jpg,5
12943.jpg,4
12944.jpg,5
12949.jpg,4
12950.jpg,6
12957.jpg,1
12958.jpg,4
12962.jpg,4
12968.jpg,2
12969.jpg,4
12971.jpg,6
12976.jpg,4
12978.jpg,2
12982.jpg,2
12984.jpg,3
12991.jpg,2
12993.jpg,3
12996.jpg,4
13002.jpg,3
13008.jpg,2
13014.jpg,2
13018.jpg,3
13019.jpg,3
13024.jpg,3
13029.jpg,5
13030.jpg,3
13032.jpg,5
13039.jpg,7
13052.jpg,4
13054.jpg,3
13056.jpg,7
13058.jpg,6
13064.jpg,2
13066.jpg,3
13067.jpg,3
13071.jpg,3
13075.jpg,3
13077.jpg,1
13079.jpg,9
13082.jpg,3
13083.jpg,4
13085.jpg,3
13089.jpg,7
13095.jpg,3
13096.jpg,3
13098.jpg,1
13101.jpg,2
13102.jpg,2
13103.jpg,3
13106.jpg,2
13108.jpg,4
13109.jpg,2
13110.jpg,2
13113.jpg,5
13116.jpg,3
13120.jpg,6
13123.jpg,4
13127.jpg,5
13132.jpg,3
13133.jpg,4
13135.jpg,3
13136.jpg,4
13145.jpg,4
13146.jpg,4
13160.jpg,3
13164.jpg,6
13169.jpg,2
13170.jpg,2
13172.jpg,4
13175.jpg,2
13180.jpg,2
13184.jpg,7
13192.jpg,3
13193.jpg,3
13194.jpg,4
13200.jpg,5
13201.jpg,5
13203.jpg,5
13205.jpg,5
13209.jpg,5
13212.jpg,3
13214.jpg,2
13216.jpg,3
13218.jpg,3
13219.jpg,3
13225.jpg,3
13237.jpg,5
13245.jpg,4
13246.jpg,3
13252.jpg,7
13260.jpg,3
13266.jpg,2
13267.jpg,4
13274.jpg,2
13275.jpg,2
13276.jpg,4
13277.jpg,4
13278.jpg,9
13287.jpg,5
13292.jpg,4
13293.jpg,6
13298.jpg,4
13300.jpg,4
13303.jpg,3
13315.jpg,5
13318.jpg,3
13320.jpg,3
13321.jpg,3
13335.jpg,5
13343.jpg,5
13347.jpg,5
13350.jpg,4
13352.jpg,9
13358.jpg,4
13360.jpg,5
13365.jpg,7
13367.jpg,5
13369.jpg,5
13373.jpg,4
13376.jpg,4
13379.jpg,4
13384.jpg,3
13388.jpg,3
13390.jpg,3
13391.jpg,5
13392.jpg,5
13394.jpg,5
13410.jpg,4
13412.jpg,6
13419.jpg,5
13420.jpg,4
13425.jpg,6
13432.jpg,3
13435.jpg,5
13443.jpg,3
13445.jpg,4
13447.jpg,4
13448.jpg,5
13450.jpg,4
13452.jpg,6
13454.jpg,4
13458.jpg,3
13460.jpg,4
13461.jpg,4
13462.jpg,2
13467.jpg,5
13468.jpg,4
13469.jpg,3
13492.jpg,3
13493.jpg,4
13494.jpg,4
13498.jpg,4
13500.jpg,3
13504.jpg,3
13508.jpg,7
13509.jpg,3
13510.jpg,4
13516.jpg,3
13526.jpg,4
13535.jpg,5
13536.jpg,4
13538.jpg,4
13542.jpg,3
13543.jpg,3
13545.jpg,4
13560.jpg,1
13561.jpg,4
13566.jpg,4
13573.jpg,6
13574.jpg,4
13577.jpg,5
13578.jpg,8
13585.jpg,6
13588.jpg,6
13591.jpg,9
13592.jpg,3
13599.jpg,10
13602.jpg,3
13614.jpg,4
13615.jpg,3
13624.jpg,3
13625.jpg,4
13626.jpg,4
13630.jpg,3
13633.jpg,2
13642.jpg,3
13648.jpg,4
13650.jpg,4
13653.jpg,4
13654.jpg,3
13656.jpg,3
13657.jpg,5
13663.jpg,3
13665.jpg,3
13667.jpg,3
13671.jpg,3
13674.jpg,3
13675.jpg,5
13676.jpg,5
13678.jpg,4
13681.jpg,4
13687.jpg,5
13688.jpg,3
13690.jpg,4
13693.jpg,2
13694.jpg,3
13696.jpg,4
13697.jpg,4
13699.jpg,4
13701.jpg,3
13705.jpg,3
13706.jpg,4
13709.jpg,4
13713.jpg,5
13715.jpg,4
13716.jpg,3
13718.jpg,4
13725.jpg,6
13730.jpg,6
13733.jpg,5
13736.jpg,3
13744.jpg,5
13747.jpg,4
13751.jpg,4
13755.jpg,3
13760.jpg,6
13765.jpg,6
13768.jpg,3
13771.jpg,3
13772.jpg,4
13773.jpg,6
13775.jpg,3
13778.jpg,3
13780.jpg,4
13782.jpg,2
13783.jpg,4
13785.jpg,3
13790.jpg,4
13791.jpg,3
13797.jpg,9
13801.jpg,3
13803.jpg,3
13805.jpg,3
13810.jpg,2
13813.jpg,4
13821.jpg,2
13823.jpg,3
13824.jpg,7
13825.jpg,4
13827.jpg,3
13830.jpg,3
13835.jpg,3
13839.jpg,5
13840.jpg,2
13846.jpg,4
13847.jpg,9
13848.jpg,6
13849.jpg,6
13850.jpg,4
13855.jpg,9
13856.jpg,3
13860.jpg,5
13861.jpg,3
13870.jpg,4
13874.jpg,6
13877.jpg,6
13884.jpg,4
13891.jpg,14
13893.jpg,18
13898.jpg,4
13901.jpg,2
13904.jpg,5
13905.jpg,2
13912.jpg,3
13915.jpg,5
13917.jpg,2
13919.jpg,3
13923.jpg,4
13925.jpg,3
13933.jpg,4
13934.jpg,5
13935.jpg,4
13942.jpg,4
13944.jpg,4
13945.jpg,3
13952.jpg,4
13953.jpg,3
13955.jpg,5
13960.jpg,3
13962.jpg,5
13968.jpg,3
13969.jpg,3
13979.jpg,3
13981.jpg,2
13982.jpg,4
13986.jpg,2
13987.jpg,3
13991.jpg,2
13992.jpg,4
13994.jpg,2
13998.jpg,3
14002.jpg,3
14003.jpg,2
14004.jpg,2
14005.jpg,2
14013.jpg,3
14014.jpg,4
14017.jpg,3
14019.jpg,3
14022.jpg,5
14026.jpg,3
14030.jpg,3
14031.jpg,4
14034.jpg,4
14038.jpg,3
14039.jpg,4
14046.jpg,5
14048.jpg,4
14053.jpg,7
14057.jpg,2
14061.jpg,5
14062.jpg,6
14066.jpg,4
14067.jpg,4
14070.jpg,4
14073.jpg,4
14074.jpg,4
14080.jpg,3
14101.jpg,5
14102.jpg,8
14104.jpg,6
14106.jpg,4
14108.jpg,4
14114.jpg,4
14117.jpg,4
14118.jpg,3
14122.jpg,4
14126.jpg,6
14135.jpg,5
14138.jpg,4
14140.jpg,5
14141.jpg,4
14148.jpg,5
14149.jpg,4
14151.jpg,2
14152.jpg,1
14157.jpg,4
14158.jpg,2
14160.jpg,4
14161.jpg,2
14162.jpg,2
14163.jpg,4
14171.jpg,4
14172.jpg,2
14179.jpg,4
14181.jpg,4
14182.jpg,4
14184.jpg,3
14186.jpg,2
14193.jpg,7
14197.jpg,3
14198.jpg,6
14199.jpg,3
14202.jpg,5
14206.jpg,6
